0,1,2,3,4,accuracy,macro avg,weighted avg
0.9739583333333334,0.922360248447205,0.582089552238806,0.43410852713178294,0.3333333333333333,0.9333333333333333,0.6491699988968922,0.9241118586159234
0.9965740388275599,0.9339622641509434,0.45348837209302323,0.32,0.09090909090909091,0.9333333333333333,0.5589867531961235,0.9333333333333333
0.9851364063969897,0.928125,0.5098039215686274,0.36842105263157904,0.14285714285714288,0.9333333333333333,0.5868687046908678,0.9278070596029283
2627.0,1590.0,86.0,175.0,22.0,0.9333333333333333,4500.0,4500.0
