0,1,2,3,4,accuracy,macro avg,weighted avg
0.9717786854808763,0.9320754716981132,0.5964912280701754,0.47096774193548385,0.4,0.9351111111111111,0.6742626254369297,0.9283067127135572
0.9961933764750666,0.9320754716981132,0.3953488372093023,0.41714285714285715,0.09090909090909091,0.9351111111111111,0.566333926686886,0.9351111111111111
0.9838345864661654,0.9320754716981132,0.4755244755244755,0.4424242424242424,0.14814814814814814,0.9351111111111111,0.5964013848522288,0.9306915700500495
2627.0,1590.0,86.0,175.0,22.0,0.9351111111111111,4500.0,4500.0
