0,1,2,3,4,accuracy,macro avg,weighted avg
0.967861100849649,0.9443671766342142,0.6530612244897959,0.2962962962962963,0.5555555555555556,0.9117777777777778,0.6834282707651023,0.9254116138134725
0.9973353635325466,0.8540880503144654,0.37209302325581395,0.5028571428571429,0.22727272727272727,0.9117777777777778,0.5907292614465391,0.9117777777777778
0.9823772028496438,0.8969616908850727,0.47407407407407404,0.37288135593220334,0.3225806451612903,0.9117777777777778,0.6097749937804569,0.9155545293878521
2627.0,1590.0,86.0,175.0,22.0,0.9117777777777778,4500.0,4500.0
