0,1,2,3,4,accuracy,macro avg,weighted avg
0.9821088694328131,0.9282567652611705,0.6521739130434783,0.32051282051282054,0.5,0.9248888888888889,0.6766104736500564,0.928689990417054
0.9821088694328131,0.9276729559748428,0.3488372093023256,0.42857142857142855,0.09090909090909091,0.9248888888888889,0.5556199108381001,0.9248888888888889
0.9821088694328131,0.9279647687952186,0.4545454545454546,0.36674816625916873,0.15384615384615385,0.9248888888888889,0.5770426825757616,0.9249156524345059
2627.0,1590.0,86.0,175.0,22.0,0.9248888888888889,4500.0,4500.0
