0,1,2,3,4,5,accuracy,macro avg,weighted avg
0.9333333333333333,0.5263157894736842,0.5476190476190477,1.0,0.967741935483871,1.0,0.8277777777777777,0.8291683509849893,0.8291683509849894
0.9333333333333333,0.3333333333333333,0.7666666666666667,1.0,1.0,0.9333333333333333,0.8277777777777777,0.8277777777777778,0.8277777777777777
0.9333333333333333,0.4081632653061224,0.6388888888888888,1.0,0.9836065573770492,0.9655172413793104,0.8277777777777777,0.8215848810474508,0.8215848810474508
30.0,30.0,30.0,30.0,30.0,30.0,0.8277777777777777,180.0,180.0
