0,1,2,3,4,5,accuracy,macro avg,weighted avg
0.9354838709677419,0.5454545454545454,0.5714285714285714,1.0,0.9666666666666667,0.9333333333333333,0.8222222222222222,0.8253944979751432,0.825394497975143
0.9666666666666667,0.6,0.5333333333333333,0.9333333333333333,0.9666666666666667,0.9333333333333333,0.8222222222222222,0.8222222222222223,0.8222222222222222
0.9508196721311476,0.5714285714285713,0.5517241379310344,0.9655172413793104,0.9666666666666667,0.9333333333333333,0.8222222222222222,0.823248270478344,0.8232482704783439
30.0,30.0,30.0,30.0,30.0,30.0,0.8222222222222222,180.0,180.0
