0,1,2,3,4,5,accuracy,macro avg,weighted avg
0.8709677419354839,0.5714285714285714,0.5306122448979592,1.0,0.9375,0.8888888888888888,0.7888888888888889,0.7998995745251506,0.7998995745251506
0.9,0.26666666666666666,0.8666666666666667,0.9,1.0,0.8,0.7888888888888889,0.7888888888888889,0.7888888888888889
0.8852459016393444,0.36363636363636365,0.6582278481012658,0.9473684210526316,0.967741935483871,0.8421052631578948,0.7888888888888889,0.7773876221785619,0.7773876221785618
30.0,30.0,30.0,30.0,30.0,30.0,0.7888888888888889,180.0,180.0
