0,1,2,3,4,5,6,accuracy,macro avg,weighted avg
0.7394636015325671,0.9650969529085872,0.7578231292517007,0.6325660699062233,0.6386861313868614,0.8295281582952816,0.17647058823529413,0.7248087148229801,0.6770906616452165,0.7260030144431935
0.2893553223388306,0.8905930470347648,0.7377483443708609,0.6369098712446352,0.9363295880149812,0.7335127860026918,0.1079136690647482,0.7248087148229801,0.618908946867359,0.7248087148229801
0.415948275862069,0.9263493751661792,0.7476510067114094,0.6347305389221557,0.7593838142764157,0.7785714285714286,0.13392857142857142,0.7248087148229801,0.6280804301340327,0.7087985568359422
667.0,1956.0,755.0,1165.0,1869.0,743.0,556.0,0.7248087148229801,7711.0,7711.0
