0,1,2,3,4,5,6,accuracy,macro avg,weighted avg
0.6822429906542056,0.9581808677469943,0.6868811881188119,0.7165605095541401,0.6456310679611651,0.8124054462934948,0.31313131313131315,0.7301257943198028,0.6878619119228749,0.7349304714636553
0.21889055472263869,0.9371165644171779,0.7350993377483444,0.5793991416309013,0.9250936329588015,0.7227456258411844,0.2787769784172662,0.7301257943198028,0.6281602622480449,0.7301257943198028
0.3314415437003405,0.9475316619281469,0.710172744721689,0.6407214048410063,0.7605014295139653,0.7649572649572651,0.29495718363463364,0.7301257943198028,0.6357547476138639,0.7146674767228549
667.0,1956.0,755.0,1165.0,1869.0,743.0,556.0,0.7301257943198028,7711.0,7711.0
