precision,accuracy,recall,duration
0.8308918570047085,0.8536658653846154,0.8259406846275575,2587.8768084049225
