0,1,2,3,accuracy,macro avg,weighted avg
0.7692307692307693,1.0,1.0,1.0,0.925,0.9423076923076923,0.9423076923076923
1.0,0.7,1.0,1.0,0.925,0.925,0.925
0.8695652173913044,0.8235294117647058,1.0,1.0,0.925,0.9232736572890026,0.9232736572890026
10.0,10.0,10.0,10.0,0.925,40.0,40.0
