0,1,2,3,accuracy,macro avg,weighted avg
0.6923076923076923,1.0,0.8571428571428571,1.0,0.875,0.8873626373626373,0.8873626373626374
0.9,1.0,0.6,1.0,0.875,0.875,0.875
0.7826086956521738,1.0,0.7058823529411764,1.0,0.875,0.8721227621483376,0.8721227621483376
10.0,10.0,10.0,10.0,0.875,40.0,40.0
