0,1,2,3,accuracy,macro avg,weighted avg
0.9090909090909091,1.0,0.8181818181818182,1.0,0.925,0.9318181818181819,0.9318181818181819
1.0,1.0,0.9,0.8,0.925,0.925,0.925
0.9523809523809523,1.0,0.8571428571428572,0.888888888888889,0.925,0.9246031746031745,0.9246031746031746
10.0,10.0,10.0,10.0,0.925,40.0,40.0
