0,1,2,3,accuracy,macro avg,weighted avg
1.0,1.0,0.8181818181818182,0.8888888888888888,0.925,0.9267676767676768,0.9267676767676768
1.0,1.0,0.9,0.8,0.925,0.925,0.925
1.0,1.0,0.8571428571428572,0.8421052631578948,0.925,0.924812030075188,0.9248120300751881
10.0,10.0,10.0,10.0,0.925,40.0,40.0
