0,1,2,3,accuracy,macro avg,weighted avg
1.0,1.0,0.8333333333333334,0.8333333333333334,0.9,0.9166666666666667,0.9166666666666667
0.6,1.0,1.0,1.0,0.9,0.9,0.9
0.7499999999999999,1.0,0.9090909090909091,0.9090909090909091,0.9,0.8920454545454546,0.8920454545454545
10.0,10.0,10.0,10.0,0.9,40.0,40.0
