0,1,2,3,accuracy,macro avg,weighted avg
1.0,1.0,0.8181818181818182,0.9,0.925,0.9295454545454546,0.9295454545454545
0.9,1.0,0.9,0.9,0.925,0.9249999999999999,0.925
0.9473684210526316,1.0,0.8571428571428572,0.9,0.925,0.9261278195488721,0.9261278195488721
10.0,10.0,10.0,10.0,0.925,40.0,40.0
